player_name,passing_yards,team,season,encoded_number,stat_category,pass_touchdown,fantasy_points_standard,playoff_status
Drew Brees,5177.0,NO,2012,0.0,pass_yards,,,Missed
Matthew Stafford,4967.0,DET,2012,0.0,pass_yards,,,Missed
Tom Brady,4827.0,NE,2012,0.0,pass_yards,,,Missed
Peyton Manning,5477.0,DEN,2013,4.0,pass_yards,,,Made
Drew Brees,5162.0,NO,2013,2.0,pass_yards,,,Made
Matthew Stafford,4650.0,DET,2013,0.0,pass_yards,,,Missed
Drew Brees,4952.0,NO,2014,0.0,pass_yards,,,Missed
Ben Roethlisberger,4952.0,PIT,2014,1.0,pass_yards,,,Made
Andrew Luck,4761.0,IND,2014,3.0,pass_yards,,,Made
Drew Brees,4870.0,NO,2015,0.0,pass_yards,,,Missed
Philip Rivers,4792.0,LAC,2015,0.0,pass_yards,,,Missed
Tom Brady,4770.0,NE,2015,3.0,pass_yards,,,Made
Drew Brees,5208.0,NO,2016,0.0,pass_yards,,,Missed
Matt Ryan,4944.0,ATL,2016,4.0,pass_yards,,,Made
Kirk Cousins,4917.0,WAS,2016,0.0,pass_yards,,,Missed
Tom Brady,4577.0,NE,2017,4.0,pass_yards,,,Made
Philip Rivers,4515.0,LAC,2017,0.0,pass_yards,,,Missed
Matthew Stafford,4446.0,DET,2017,0.0,pass_yards,,,Missed
Ben Roethlisberger,5129.0,PIT,2018,0.0,pass_yards,,,Missed
Patrick Mahomes,5097.0,KC,2018,3.0,pass_yards,,,Made
Matt Ryan,4924.0,ATL,2018,0.0,pass_yards,,,Missed
Jameis Winston,5109.0,TB,2019,0.0,pass_yards,,,Missed
Dak Prescott,4902.0,DAL,2019,0.0,pass_yards,,,Missed
Philip Rivers,4615.0,LAC,2019,0.0,pass_yards,,,Missed
Deshaun Watson,4823.0,HOU,2020,0.0,pass_yards,,,Missed
Patrick Mahomes,4740.0,KC,2020,4.0,pass_yards,,,Made
Tom Brady,4633.0,TB,2020,5.0,pass_yards,,,Made
Tom Brady,5316.0,TB,2021,2.0,pass_yards,,,Made
Justin Herbert,5014.0,LAC,2021,0.0,pass_yards,,,Missed
Matthew Stafford,4886.0,LA,2021,5.0,pass_yards,,,Made
Patrick Mahomes,5250.0,KC,2022,5.0,pass_yards,,,Made
Justin Herbert,4739.0,LAC,2022,1.0,pass_yards,,,Made
Tom Brady,4694.0,TB,2022,1.0,pass_yards,,,Made
Tua Tagovailoa,4624.0,MIA,2023,1.0,pass_yards,,,Made
Jared Goff,4575.0,DET,2023,3.0,pass_yards,,,Made
Dak Prescott,4516.0,DAL,2023,1.0,pass_yards,,,Made
Joe Burrow,4918.0,CIN,2024,0.0,pass_yards,,,Missed
Jared Goff,4629.0,DET,2024,2.0,pass_yards,,,Made
Baker Mayfield,4500.0,TB,2024,1.0,pass_yards,,,Made
Drew Brees,,NO,2012,0.0,pass_tds,43.0,,Missed
Aaron Rodgers,,GB,2012,0.0,pass_tds,39.0,,Missed
Peyton Manning,,DEN,2012,0.0,pass_tds,37.0,,Missed
Peyton Manning,,DEN,2013,4.0,pass_tds,55.0,,Made
Drew Brees,,NO,2013,2.0,pass_tds,39.0,,Made
Andy Dalton,,CIN,2013,1.0,pass_tds,33.0,,Made
Andrew Luck,,IND,2014,3.0,pass_tds,40.0,,Made
Peyton Manning,,DEN,2014,2.0,pass_tds,39.0,,Made
Aaron Rodgers,,GB,2014,3.0,pass_tds,38.0,,Made
Tom Brady,,NE,2015,3.0,pass_tds,36.0,,Made
Cam Newton,,CAR,2015,4.0,pass_tds,35.0,,Made
Blake Bortles,,JAX,2015,0.0,pass_tds,35.0,,Missed
Aaron Rodgers,,GB,2016,3.0,pass_tds,40.0,,Made
Matt Ryan,,ATL,2016,4.0,pass_tds,38.0,,Made
Drew Brees,,NO,2016,0.0,pass_tds,37.0,,Missed
Russell Wilson,,SEA,2017,0.0,pass_tds,34.0,,Missed
Carson Wentz,,PHI,2017,5.0,pass_tds,33.0,,Made
Tom Brady,,NE,2017,4.0,pass_tds,32.0,,Made
Patrick Mahomes,,KC,2018,3.0,pass_tds,50.0,,Made
Andrew Luck,,IND,2018,2.0,pass_tds,39.0,,Made
Matt Ryan,,ATL,2018,0.0,pass_tds,36.0,,Missed
Lamar Jackson,,BAL,2019,2.0,pass_tds,36.0,,Made
Jameis Winston,,TB,2019,0.0,pass_tds,33.0,,Missed
Russell Wilson,,SEA,2019,2.0,pass_tds,31.0,,Made
Aaron Rodgers,,GB,2020,3.0,pass_tds,48.0,,Made
Tom Brady,,TB,2020,5.0,pass_tds,40.0,,Made
Russell Wilson,,SEA,2020,1.0,pass_tds,40.0,,Made
Tom Brady,,TB,2021,2.0,pass_tds,43.0,,Made
Matthew Stafford,,LA,2021,5.0,pass_tds,41.0,,Made
Justin Herbert,,LAC,2021,0.0,pass_tds,38.0,,Missed
Patrick Mahomes,,KC,2022,5.0,pass_tds,41.0,,Made
Josh Allen,,BUF,2022,2.0,pass_tds,35.0,,Made
Joe Burrow,,CIN,2022,3.0,pass_tds,35.0,,Made
Dak Prescott,,DAL,2023,1.0,pass_tds,36.0,,Made
Jordan Love,,GB,2023,2.0,pass_tds,32.0,,Made
Brock Purdy,,SF,2023,4.0,pass_tds,31.0,,Made
Joe Burrow,,CIN,2024,0.0,pass_tds,43.0,,Missed
Baker Mayfield,,TB,2024,1.0,pass_tds,41.0,,Made
Lamar Jackson,,BAL,2024,2.0,pass_tds,41.0,,Made
Drew Brees,,NO,2012,0.0,fantasy_points,,430.58,Missed
Aaron Rodgers,,GB,2012,0.0,fantasy_points,,415.6,Missed
Tom Brady,,NE,2012,0.0,fantasy_points,,414.28,Missed
Peyton Manning,,DEN,2013,4.0,fantasy_points,,513.98,Made
Drew Brees,,NO,2013,2.0,fantasy_points,,433.68,Made
Andy Dalton,,CIN,2013,1.0,fantasy_points,,351.02,Made
Aaron Rodgers,,GB,2014,3.0,fantasy_points,,426.14,Made
Andrew Luck,,IND,2014,3.0,fantasy_points,,425.74,Made
Peyton Manning,,DEN,2014,2.0,fantasy_points,,384.68,Made
Cam Newton,,CAR,2015,4.0,fantasy_points,,455.08,Made
Tom Brady,,NE,2015,3.0,fantasy_points,,413.7,Made
Russell Wilson,,SEA,2015,2.0,fantasy_points,,401.26,Made
Aaron Rodgers,,GB,2016,3.0,fantasy_points,,452.02,Made
Matt Ryan,,ATL,2016,4.0,fantasy_points,,417.46,Made
Drew Brees,,NO,2016,0.0,fantasy_points,,402.32,Missed
Russell Wilson,,SEA,2017,0.0,fantasy_points,,408.92,Missed
Tom Brady,,NE,2017,4.0,fantasy_points,,352.88,Made
Alex Smith,,KC,2017,1.0,fantasy_points,,342.98,Made
Patrick Mahomes,,KC,2018,3.0,fantasy_points,,513.08,Made
Matt Ryan,,ATL,2018,0.0,fantasy_points,,414.96,Missed
Andrew Luck,,IND,2018,2.0,fantasy_points,,399.92,Made
Lamar Jackson,,BAL,2019,2.0,fantasy_points,,485.68,Made
Dak Prescott,,DAL,2019,0.0,fantasy_points,,393.78,Missed
Russell Wilson,,SEA,2019,2.0,fantasy_points,,383.6,Made
Aaron Rodgers,,GB,2020,3.0,fantasy_points,,476.26,Made
Josh Allen,,BUF,2020,3.0,fantasy_points,,463.06,Made
Patrick Mahomes,,KC,2020,4.0,fantasy_points,,446.4,Made
Josh Allen,,BUF,2021,2.0,fantasy_points,,465.58,Made
Tom Brady,,TB,2021,2.0,fantasy_points,,457.74,Made
Justin Herbert,,LAC,2021,0.0,fantasy_points,,443.76,Missed
Patrick Mahomes,,KC,2022,5.0,fantasy_points,,492.4,Made
Josh Allen,,BUF,2022,2.0,fantasy_points,,456.52,Made
Joe Burrow,,CIN,2022,3.0,fantasy_points,,411.7,Made
Josh Allen,,BUF,2023,2.0,fantasy_points,,440.64,Made
Dak Prescott,,DAL,2023,1.0,fantasy_points,,408.84,Made
Jalen Hurts,,PHI,2023,1.0,fantasy_points,,397.82,Made
Lamar Jackson,,BAL,2024,2.0,fantasy_points,,505.38,Made
Joe Burrow,,CIN,2024,0.0,fantasy_points,,453.82,Missed
Baker Mayfield,,TB,2024,1.0,fantasy_points,,443.8,Made
