player_name,rushing_yards,team,season,encoded_number,stat_category,rush_touchdown,fantasy_points_standard,playoff_status
Adrian Peterson,2013.0,MIN,2012,0.0,rush_yards,,,Missed
Alfred Morris,1613.0,WAS,2012,0.0,rush_yards,,,Missed
Marshawn Lynch,1590.0,SEA,2012,0.0,rush_yards,,,Missed
LeSean McCoy,1607.0,PHI,2013,1.0,rush_yards,,,Made
Matt Forte,1339.0,CHI,2013,0.0,rush_yards,,,Missed
Jamaal Charles,1287.0,KC,2013,1.0,rush_yards,,,Made
DeMarco Murray,1845.0,DAL,2014,2.0,rush_yards,,,Made
Le'Veon Bell,1361.0,PIT,2014,1.0,rush_yards,,,Made
LeSean McCoy,1319.0,PHI,2014,0.0,rush_yards,,,Missed
Adrian Peterson,1485.0,MIN,2015,1.0,rush_yards,,,Made
Doug Martin,1402.0,TB,2015,0.0,rush_yards,,,Missed
Todd Gurley,1106.0,LA,2015,0.0,rush_yards,,,Missed
Ezekiel Elliott,1631.0,DAL,2016,2.0,rush_yards,,,Made
Jordan Howard,1313.0,CHI,2016,0.0,rush_yards,,,Missed
DeMarco Murray,1287.0,TEN,2016,0.0,rush_yards,,,Missed
Kareem Hunt,1327.0,KC,2017,1.0,rush_yards,,,Made
Todd Gurley,1305.0,LA,2017,1.0,rush_yards,,,Made
Le'Veon Bell,1291.0,PIT,2017,2.0,rush_yards,,,Made
Ezekiel Elliott,1434.0,DAL,2018,2.0,rush_yards,,,Made
Saquon Barkley,1307.0,NYG,2018,0.0,rush_yards,,,Missed
Todd Gurley,1251.0,LA,2018,4.0,rush_yards,,,Made
Derrick Henry,1540.0,TEN,2019,3.0,rush_yards,,,Made
Nick Chubb,1513.0,CLE,2019,0.0,rush_yards,,,Missed
Christian McCaffrey,1387.0,CAR,2019,0.0,rush_yards,,,Missed
Derrick Henry,2027.0,TEN,2020,1.0,rush_yards,,,Made
Dalvin Cook,1557.0,MIN,2020,0.0,rush_yards,,,Missed
Aaron Jones,1104.0,GB,2020,3.0,rush_yards,,,Made
Jonathan Taylor,1811.0,IND,2021,0.0,rush_yards,,,Missed
Joe Mixon,1205.0,CIN,2021,4.0,rush_yards,,,Made
Najee Harris,1200.0,PIT,2021,1.0,rush_yards,,,Made
Josh Jacobs,1653.0,LV,2022,0.0,rush_yards,,,Missed
Derrick Henry,1538.0,TEN,2022,0.0,rush_yards,,,Missed
Nick Chubb,1525.0,CLE,2022,0.0,rush_yards,,,Missed
Christian McCaffrey,1459.0,SF,2023,4.0,rush_yards,,,Made
Derrick Henry,1167.0,TEN,2023,0.0,rush_yards,,,Missed
James Cook,1122.0,BUF,2023,2.0,rush_yards,,,Made
Saquon Barkley,2005.0,PHI,2024,5.0,rush_yards,,,Made
Derrick Henry,1921.0,BAL,2024,2.0,rush_yards,,,Made
Bijan Robinson,1456.0,ATL,2024,0.0,rush_yards,,,Missed
Alfred Morris,,WAS,2012,0.0,rush_tds,13.0,,Missed
Stevan Ridley,,NE,2012,0.0,rush_tds,12.0,,Missed
Trent Richardson,,CLE,2012,0.0,rush_tds,11.0,,Missed
Jamaal Charles,,KC,2013,1.0,rush_tds,12.0,,Made
Marshawn Lynch,,SEA,2013,5.0,rush_tds,12.0,,Made
Eddie Lacy,,GB,2013,1.0,rush_tds,11.0,,Made
DeMarco Murray,,DAL,2014,2.0,rush_tds,13.0,,Made
Marshawn Lynch,,SEA,2014,4.0,rush_tds,13.0,,Made
Mark Ingram,,NO,2014,0.0,rush_tds,9.0,,Missed
Devonta Freeman,,ATL,2015,0.0,rush_tds,12.0,,Missed
DeAngelo Williams,,PIT,2015,2.0,rush_tds,11.0,,Made
Adrian Peterson,,MIN,2015,1.0,rush_tds,11.0,,Made
David Johnson,,ARI,2016,0.0,rush_tds,16.0,,Missed
Ezekiel Elliott,,DAL,2016,2.0,rush_tds,15.0,,Made
LeSean McCoy,,BUF,2016,0.0,rush_tds,13.0,,Missed
Todd Gurley,,LA,2017,1.0,rush_tds,13.0,,Made
Mark Ingram,,NO,2017,2.0,rush_tds,12.0,,Made
Jordan Howard,,CHI,2017,0.0,rush_tds,9.0,,Missed
Todd Gurley,,LA,2018,4.0,rush_tds,17.0,,Made
Alvin Kamara,,NO,2018,3.0,rush_tds,14.0,,Made
James Conner,,PIT,2018,0.0,rush_tds,12.0,,Missed
Aaron Jones,,GB,2019,3.0,rush_tds,16.0,,Made
Derrick Henry,,TEN,2019,3.0,rush_tds,16.0,,Made
Christian McCaffrey,,CAR,2019,0.0,rush_tds,15.0,,Missed
Derrick Henry,,TEN,2020,1.0,rush_tds,17.0,,Made
Dalvin Cook,,MIN,2020,0.0,rush_tds,16.0,,Missed
Alvin Kamara,,NO,2020,2.0,rush_tds,16.0,,Made
Jonathan Taylor,,IND,2021,0.0,rush_tds,18.0,,Missed
James Conner,,ARI,2021,1.0,rush_tds,15.0,,Made
Damien Harris,,NE,2021,1.0,rush_tds,15.0,,Made
Jamaal Williams,,DET,2022,0.0,rush_tds,17.0,,Missed
Derrick Henry,,TEN,2022,0.0,rush_tds,14.0,,Missed
Austin Ekeler,,LAC,2022,1.0,rush_tds,13.0,,Made
Raheem Mostert,,MIA,2023,1.0,rush_tds,18.0,,Made
Christian McCaffrey,,SF,2023,4.0,rush_tds,14.0,,Made
Gus Edwards,,BAL,2023,3.0,rush_tds,13.0,,Made
Derrick Henry,,BAL,2024,2.0,rush_tds,17.0,,Made
James Cook,,BUF,2024,3.0,rush_tds,16.0,,Made
Jahmyr Gibbs,,DET,2024,2.0,rush_tds,16.0,,Made
Adrian Peterson,,MIN,2012,0.0,fantasy_points,,280.7,Missed
Doug Martin,,TB,2012,0.0,fantasy_points,,261.6,Missed
Marshawn Lynch,,SEA,2012,0.0,fantasy_points,,242.6,Missed
Jamaal Charles,,KC,2013,1.0,fantasy_points,,302.0,Made
LeSean McCoy,,PHI,2013,1.0,fantasy_points,,277.6,Made
Matt Forte,,CHI,2013,0.0,fantasy_points,,259.3,Missed
DeMarco Murray,,DAL,2014,2.0,fantasy_points,,289.1,Made
Le'Veon Bell,,PIT,2014,1.0,fantasy_points,,285.5,Made
Marshawn Lynch,,SEA,2014,4.0,fantasy_points,,261.3,Made
Devonta Freeman,,ATL,2015,0.0,fantasy_points,,233.1,Missed
Adrian Peterson,,MIN,2015,1.0,fantasy_points,,227.7,Made
Doug Martin,,TB,2015,0.0,fantasy_points,,194.3,Missed
David Johnson,,ARI,2016,0.0,fantasy_points,,320.8,Missed
Ezekiel Elliott,,DAL,2016,2.0,fantasy_points,,292.4,Made
LeSean McCoy,,BUF,2016,0.0,fantasy_points,,245.9,Missed
Todd Gurley,,LA,2017,1.0,fantasy_points,,311.3,Made
Le'Veon Bell,,PIT,2017,2.0,fantasy_points,,253.4,Made
Kareem Hunt,,KC,2017,1.0,fantasy_points,,241.2,Made
Todd Gurley,,LA,2018,4.0,fantasy_points,,304.1,Made
Saquon Barkley,,NYG,2018,0.0,fantasy_points,,290.8,Missed
Christian McCaffrey,,CAR,2018,0.0,fantasy_points,,279.5,Missed
Christian McCaffrey,,CAR,2019,0.0,fantasy_points,,349.2,Missed
Derrick Henry,,TEN,2019,3.0,fantasy_points,,273.6,Made
Aaron Jones,,GB,2019,3.0,fantasy_points,,263.8,Made
Derrick Henry,,TEN,2020,1.0,fantasy_points,,310.1,Made
Alvin Kamara,,NO,2020,2.0,fantasy_points,,292.8,Made
Dalvin Cook,,MIN,2020,0.0,fantasy_points,,282.8,Missed
Jonathan Taylor,,IND,2021,0.0,fantasy_points,,331.1,Missed
Joe Mixon,,CIN,2021,4.0,fantasy_points,,244.9,Made
Najee Harris,,PIT,2021,1.0,fantasy_points,,226.7,Made
Derrick Henry,,TEN,2022,0.0,fantasy_points,,274.76,Missed
Josh Jacobs,,LV,2022,0.0,fantasy_points,,274.3,Missed
Austin Ekeler,,LAC,2022,1.0,fantasy_points,,261.3,Made
Christian McCaffrey,,SF,2023,4.0,fantasy_points,,318.3,Made
Raheem Mostert,,MIA,2023,1.0,fantasy_points,,239.7,Made
Derrick Henry,,TEN,2023,0.0,fantasy_points,,222.66,Missed
Derrick Henry,,BAL,2024,2.0,fantasy_points,,322.4,Made
Saquon Barkley,,PHI,2024,5.0,fantasy_points,,315.3,Made
Jahmyr Gibbs,,DET,2024,2.0,fantasy_points,,297.8,Made
