player_name,receiving_yards,team,season,encoded_number,stat_category,receiving_touchdown,fantasy_points_standard,playoff_status
Jason Witten,1039.0,DAL,2012,0.0,rec_yards,,,Missed
Jimmy Graham,982.0,NO,2012,0.0,rec_yards,,,Missed
Tony Gonzalez,930.0,ATL,2012,0.0,rec_yards,,,Missed
Jimmy Graham,1215.0,NO,2013,2.0,rec_yards,,,Made
Jordan Cameron,917.0,CLE,2013,0.0,rec_yards,,,Missed
Tony Gonzalez,859.0,ATL,2013,0.0,rec_yards,,,Missed
Rob Gronkowski,1124.0,NE,2014,5.0,rec_yards,,,Made
Greg Olsen,1009.0,CAR,2014,2.0,rec_yards,,,Made
Martellus Bennett,916.0,CHI,2014,0.0,rec_yards,,,Missed
Rob Gronkowski,1176.0,NE,2015,3.0,rec_yards,,,Made
Greg Olsen,1104.0,CAR,2015,4.0,rec_yards,,,Made
Delanie Walker,1088.0,TEN,2015,0.0,rec_yards,,,Missed
Travis Kelce,1125.0,KC,2016,2.0,rec_yards,,,Made
Greg Olsen,1073.0,CAR,2016,0.0,rec_yards,,,Missed
Jimmy Graham,923.0,SEA,2016,2.0,rec_yards,,,Made
Travis Kelce,1038.0,KC,2017,1.0,rec_yards,,,Made
Devin Funchess,840.0,CAR,2017,1.0,rec_yards,,,Made
Rob Gronkowski,833.0,NE,2017,4.0,rec_yards,,,Made
George Kittle,1377.0,SF,2018,0.0,rec_yards,,,Missed
Travis Kelce,1336.0,KC,2018,3.0,rec_yards,,,Made
Zach Ertz,1163.0,PHI,2018,2.0,rec_yards,,,Made
Travis Kelce,1229.0,KC,2019,5.0,rec_yards,,,Made
Darren Waller,1145.0,LV,2019,0.0,rec_yards,,,Missed
George Kittle,924.0,SF,2019,4.0,rec_yards,,,Made
Travis Kelce,1416.0,KC,2020,4.0,rec_yards,,,Made
Darren Waller,1196.0,LV,2020,0.0,rec_yards,,,Missed
T.J. Hockenson,723.0,DET,2020,0.0,rec_yards,,,Missed
Mark Andrews,1361.0,BAL,2021,0.0,rec_yards,,,Missed
Travis Kelce,1125.0,KC,2021,3.0,rec_yards,,,Made
Kyle Pitts,1026.0,ATL,2021,0.0,rec_yards,,,Missed
Travis Kelce,1338.0,KC,2022,5.0,rec_yards,,,Made
Mark Andrews,847.0,BAL,2022,1.0,rec_yards,,,Made
Evan Engram,766.0,JAX,2022,2.0,rec_yards,,,Made
George Kittle,1020.0,SF,2023,4.0,rec_yards,,,Made
Travis Kelce,984.0,KC,2023,5.0,rec_yards,,,Made
Evan Engram,963.0,JAX,2023,0.0,rec_yards,,,Missed
Brock Bowers,1194.0,LV,2024,0.0,rec_yards,,,Missed
Trey McBride,1146.0,ARI,2024,0.0,rec_yards,,,Missed
George Kittle,939.0,SF,2024,0.0,rec_yards,,,Missed
Rob Gronkowski,,NE,2012,0.0,rec_tds,11.0,,Missed
Kyle Rudolph,,MIN,2012,0.0,rec_tds,9.0,,Missed
Jimmy Graham,,NO,2012,0.0,rec_tds,9.0,,Missed
Jimmy Graham,,NO,2013,2.0,rec_tds,16.0,,Made
Vernon Davis,,SF,2013,3.0,rec_tds,13.0,,Made
Julius Thomas,,DEN,2013,4.0,rec_tds,12.0,,Made
Julius Thomas,,DEN,2014,2.0,rec_tds,12.0,,Made
Rob Gronkowski,,NE,2014,5.0,rec_tds,12.0,,Made
Jimmy Graham,,NO,2014,0.0,rec_tds,10.0,,Missed
Tyler Eifert,,CIN,2015,1.0,rec_tds,13.0,,Made
Rob Gronkowski,,NE,2015,3.0,rec_tds,11.0,,Made
Gary Barnidge,,CLE,2015,0.0,rec_tds,9.0,,Missed
Cameron Brate,,TB,2016,0.0,rec_tds,8.0,,Missed
Hunter Henry,,LAC,2016,0.0,rec_tds,7.0,,Missed
Kyle Rudolph,,MIN,2016,0.0,rec_tds,7.0,,Missed
Jimmy Graham,,SEA,2017,0.0,rec_tds,10.0,,Missed
Devin Funchess,,CAR,2017,1.0,rec_tds,8.0,,Made
Travis Kelce,,KC,2017,1.0,rec_tds,8.0,,Made
Eric Ebron,,IND,2018,2.0,rec_tds,13.0,,Made
Travis Kelce,,KC,2018,3.0,rec_tds,10.0,,Made
Zach Ertz,,PHI,2018,2.0,rec_tds,8.0,,Made
Jared Cook,,NO,2019,1.0,rec_tds,9.0,,Made
Mark Andrews,,BAL,2019,2.0,rec_tds,8.0,,Made
Darren Fells,,HOU,2019,2.0,rec_tds,7.0,,Made
Robert Tonyan,,GB,2020,3.0,rec_tds,11.0,,Made
Travis Kelce,,KC,2020,4.0,rec_tds,11.0,,Made
Darren Waller,,LV,2020,0.0,rec_tds,9.0,,Missed
Dawson Knox,,BUF,2021,2.0,rec_tds,9.0,,Made
Travis Kelce,,KC,2021,3.0,rec_tds,9.0,,Made
Mark Andrews,,BAL,2021,0.0,rec_tds,9.0,,Missed
Travis Kelce,,KC,2022,5.0,rec_tds,12.0,,Made
George Kittle,,SF,2022,3.0,rec_tds,11.0,,Made
Juwan Johnson,,NO,2022,0.0,rec_tds,7.0,,Missed
Sam LaPorta,,DET,2023,3.0,rec_tds,10.0,,Made
David Njoku,,CLE,2023,1.0,rec_tds,6.0,,Made
Cole Kmet,,CHI,2023,0.0,rec_tds,6.0,,Missed
Mark Andrews,,BAL,2024,2.0,rec_tds,11.0,,Made
Jonnu Smith,,MIA,2024,0.0,rec_tds,8.0,,Missed
Sam LaPorta,,DET,2024,2.0,rec_tds,7.0,,Made
Jimmy Graham,,NO,2012,0.0,fantasy_points,,142.2,Missed
Rob Gronkowski,,NE,2012,0.0,fantasy_points,,142.0,Missed
Tony Gonzalez,,ATL,2012,0.0,fantasy_points,,135.0,Missed
Jimmy Graham,,NO,2013,2.0,fantasy_points,,205.5,Made
Vernon Davis,,SF,2013,3.0,fantasy_points,,156.0,Made
Julius Thomas,,DEN,2013,4.0,fantasy_points,,148.8,Made
Rob Gronkowski,,NE,2014,5.0,fantasy_points,,178.4,Made
Jimmy Graham,,NO,2014,0.0,fantasy_points,,136.9,Missed
Jordan Matthews,,PHI,2014,0.0,fantasy_points,,133.2,Missed
Rob Gronkowski,,NE,2015,3.0,fantasy_points,,181.6,Made
Gary Barnidge,,CLE,2015,0.0,fantasy_points,,152.3,Missed
Greg Olsen,,CAR,2015,4.0,fantasy_points,,147.4,Made
Travis Kelce,,KC,2016,2.0,fantasy_points,,136.0,Made
Kyle Rudolph,,MIN,2016,0.0,fantasy_points,,126.0,Missed
Jimmy Graham,,SEA,2016,2.0,fantasy_points,,120.3,Made
Travis Kelce,,KC,2017,1.0,fantasy_points,,144.5,Made
Devin Funchess,,CAR,2017,1.0,fantasy_points,,124.0,Made
Rob Gronkowski,,NE,2017,4.0,fantasy_points,,117.3,Made
Travis Kelce,,KC,2018,3.0,fantasy_points,,184.6,Made
George Kittle,,SF,2018,0.0,fantasy_points,,162.7,Missed
Zach Ertz,,PHI,2018,2.0,fantasy_points,,154.3,Made
Travis Kelce,,KC,2019,5.0,fantasy_points,,156.3,Made
Darren Waller,,LV,2019,0.0,fantasy_points,,126.0,Missed
Zach Ertz,,PHI,2019,1.0,fantasy_points,,122.6,Made
Travis Kelce,,KC,2020,4.0,fantasy_points,,198.76,Made
Darren Waller,,LV,2020,0.0,fantasy_points,,161.6,Missed
Robert Tonyan,,GB,2020,3.0,fantasy_points,,124.6,Made
Mark Andrews,,BAL,2021,0.0,fantasy_points,,172.1,Missed
Travis Kelce,,KC,2021,3.0,fantasy_points,,159.8,Made
Dalton Schultz,,DAL,2021,1.0,fantasy_points,,126.8,Made
Travis Kelce,,KC,2022,5.0,fantasy_points,,197.3,Made
George Kittle,,SF,2022,3.0,fantasy_points,,135.5,Made
Mark Andrews,,BAL,2022,1.0,fantasy_points,,109.5,Made
Sam LaPorta,,DET,2023,3.0,fantasy_points,,143.3,Made
George Kittle,,SF,2023,4.0,fantasy_points,,134.2,Made
Travis Kelce,,KC,2023,5.0,fantasy_points,,121.4,Made
Brock Bowers,,LV,2024,0.0,fantasy_points,,140.7,Missed
Jonnu Smith,,MIA,2024,0.0,fantasy_points,,133.3,Missed
Mark Andrews,,BAL,2024,2.0,fantasy_points,,131.8,Made
