player_name,receiving_yards,team,season,encoded_number,stat_category,receiving_touchdown,fantasy_points_standard,playoff_status
Calvin Johnson,1964.0,DET,2012,0.0,rec_yards,,,Missed
Andre Johnson,1598.0,HOU,2012,0.0,rec_yards,,,Missed
Brandon Marshall,1508.0,CHI,2012,0.0,rec_yards,,,Missed
Calvin Johnson,1492.0,DET,2013,0.0,rec_yards,,,Missed
Antonio Brown,1443.0,PIT,2013,0.0,rec_yards,,,Missed
Demaryius Thomas,1430.0,DEN,2013,4.0,rec_yards,,,Made
Antonio Brown,1698.0,PIT,2014,1.0,rec_yards,,,Made
Demaryius Thomas,1619.0,DEN,2014,2.0,rec_yards,,,Made
Jordy Nelson,1519.0,GB,2014,3.0,rec_yards,,,Made
Julio Jones,1871.0,ATL,2015,0.0,rec_yards,,,Missed
Antonio Brown,1841.0,PIT,2015,2.0,rec_yards,,,Made
DeAndre Hopkins,1521.0,HOU,2015,1.0,rec_yards,,,Made
T.Y. Hilton,1448.0,IND,2016,0.0,rec_yards,,,Missed
Odell Beckham,1367.0,NYG,2016,1.0,rec_yards,,,Made
Mike Evans,1321.0,TB,2016,0.0,rec_yards,,,Missed
Antonio Brown,1533.0,PIT,2017,2.0,rec_yards,,,Made
Julio Jones,1444.0,ATL,2017,2.0,rec_yards,,,Made
Keenan Allen,1393.0,LAC,2017,0.0,rec_yards,,,Missed
Julio Jones,1677.0,ATL,2018,0.0,rec_yards,,,Missed
DeAndre Hopkins,1572.0,HOU,2018,1.0,rec_yards,,,Made
Mike Evans,1524.0,TB,2018,0.0,rec_yards,,,Missed
Michael Thomas,1725.0,NO,2019,1.0,rec_yards,,,Made
Chris Godwin,1333.0,TB,2019,0.0,rec_yards,,,Missed
Julio Jones,1328.0,ATL,2019,0.0,rec_yards,,,Missed
Stefon Diggs,1535.0,BUF,2020,3.0,rec_yards,,,Made
DeAndre Hopkins,1407.0,ARI,2020,0.0,rec_yards,,,Missed
Justin Jefferson,1400.0,MIN,2020,0.0,rec_yards,,,Missed
Cooper Kupp,1947.0,LA,2021,5.0,rec_yards,,,Made
Justin Jefferson,1616.0,MIN,2021,0.0,rec_yards,,,Missed
Ja'Marr Chase,1455.0,CIN,2021,4.0,rec_yards,,,Made
Justin Jefferson,1809.0,MIN,2022,1.0,rec_yards,,,Made
Tyreek Hill,1710.0,MIA,2022,1.0,rec_yards,,,Made
Davante Adams,1516.0,LV,2022,0.0,rec_yards,,,Missed
Tyreek Hill,1799.0,MIA,2023,1.0,rec_yards,,,Made
CeeDee Lamb,1749.0,DAL,2023,1.0,rec_yards,,,Made
Amon-Ra St. Brown,1515.0,DET,2023,3.0,rec_yards,,,Made
Ja'Marr Chase,1708.0,CIN,2024,0.0,rec_yards,,,Missed
Justin Jefferson,1533.0,MIN,2024,1.0,rec_yards,,,Made
Brian Thomas,1282.0,JAX,2024,0.0,rec_yards,,,Missed
James Jones,,GB,2012,0.0,rec_tds,14.0,,Missed
Eric Decker,,DEN,2012,0.0,rec_tds,13.0,,Missed
Dez Bryant,,DAL,2012,0.0,rec_tds,12.0,,Missed
Demaryius Thomas,,DEN,2013,4.0,rec_tds,14.0,,Made
Dez Bryant,,DAL,2013,0.0,rec_tds,13.0,,Missed
Brandon Marshall,,CHI,2013,0.0,rec_tds,12.0,,Missed
Dez Bryant,,DAL,2014,2.0,rec_tds,16.0,,Made
Antonio Brown,,PIT,2014,1.0,rec_tds,13.0,,Made
Jordy Nelson,,GB,2014,3.0,rec_tds,13.0,,Made
Allen Robinson,,JAX,2015,0.0,rec_tds,14.0,,Missed
Odell Beckham,,NYG,2015,0.0,rec_tds,13.0,,Missed
Eric Decker,,NYJ,2015,0.0,rec_tds,12.0,,Missed
Jordy Nelson,,GB,2016,3.0,rec_tds,14.0,,Made
Antonio Brown,,PIT,2016,3.0,rec_tds,12.0,,Made
Mike Evans,,TB,2016,0.0,rec_tds,12.0,,Missed
DeAndre Hopkins,,HOU,2017,0.0,rec_tds,13.0,,Missed
Davante Adams,,GB,2017,0.0,rec_tds,10.0,,Missed
Jarvis Landry,,MIA,2017,0.0,rec_tds,9.0,,Missed
Antonio Brown,,PIT,2018,0.0,rec_tds,15.0,,Missed
Davante Adams,,GB,2018,0.0,rec_tds,13.0,,Missed
Tyreek Hill,,KC,2018,3.0,rec_tds,12.0,,Made
Kenny Golladay,,DET,2019,0.0,rec_tds,11.0,,Missed
Cooper Kupp,,LA,2019,0.0,rec_tds,10.0,,Missed
Chris Godwin,,TB,2019,0.0,rec_tds,9.0,,Missed
Davante Adams,,GB,2020,3.0,rec_tds,18.0,,Made
Tyreek Hill,,KC,2020,4.0,rec_tds,15.0,,Made
Mike Evans,,TB,2020,5.0,rec_tds,13.0,,Made
Cooper Kupp,,LA,2021,5.0,rec_tds,16.0,,Made
Mike Evans,,TB,2021,2.0,rec_tds,14.0,,Made
Ja'Marr Chase,,CIN,2021,4.0,rec_tds,13.0,,Made
Davante Adams,,LV,2022,0.0,rec_tds,14.0,,Missed
A.J. Brown,,PHI,2022,4.0,rec_tds,11.0,,Made
Stefon Diggs,,BUF,2022,2.0,rec_tds,11.0,,Made
Mike Evans,,TB,2023,2.0,rec_tds,13.0,,Made
Tyreek Hill,,MIA,2023,1.0,rec_tds,13.0,,Made
CeeDee Lamb,,DAL,2023,1.0,rec_tds,12.0,,Made
Ja'Marr Chase,,CIN,2024,0.0,rec_tds,17.0,,Missed
Amon-Ra St. Brown,,DET,2024,2.0,rec_tds,14.0,,Made
Terry McLaurin,,WAS,2024,3.0,rec_tds,13.0,,Made
Calvin Johnson,,DET,2012,0.0,fantasy_points,,209.4,Missed
Brandon Marshall,,CHI,2012,0.0,fantasy_points,,202.6,Missed
Dez Bryant,,DAL,2012,0.0,fantasy_points,,201.6,Missed
Demaryius Thomas,,DEN,2013,4.0,fantasy_points,,221.0,Made
Calvin Johnson,,DET,2013,0.0,fantasy_points,,200.2,Missed
Brandon Marshall,,CHI,2013,0.0,fantasy_points,,193.5,Missed
Antonio Brown,,PIT,2014,1.0,fantasy_points,,246.9,Made
Jordy Nelson,,GB,2014,3.0,fantasy_points,,227.9,Made
Dez Bryant,,DAL,2014,2.0,fantasy_points,,218.0,Made
Julio Jones,,ATL,2015,0.0,fantasy_points,,228.1,Missed
Antonio Brown,,PIT,2015,2.0,fantasy_points,,227.9,Made
Odell Beckham,,NYG,2015,0.0,fantasy_points,,212.3,Missed
Jordy Nelson,,GB,2016,3.0,fantasy_points,,204.7,Made
Antonio Brown,,PIT,2016,3.0,fantasy_points,,195.3,Made
Odell Beckham,,NYG,2016,1.0,fantasy_points,,190.6,Made
DeAndre Hopkins,,HOU,2017,0.0,fantasy_points,,200.8,Missed
Antonio Brown,,PIT,2017,2.0,fantasy_points,,195.3,Made
Keenan Allen,,LAC,2017,0.0,fantasy_points,,172.2,Missed
Tyreek Hill,,KC,2018,3.0,fantasy_points,,229.0,Made
Davante Adams,,GB,2018,0.0,fantasy_points,,216.6,Missed
DeAndre Hopkins,,HOU,2018,1.0,fantasy_points,,210.5,Made
Michael Thomas,,NO,2019,1.0,fantasy_points,,225.6,Made
Chris Godwin,,TB,2019,0.0,fantasy_points,,178.1,Missed
Cooper Kupp,,LA,2019,0.0,fantasy_points,,172.5,Missed
Tyreek Hill,,KC,2020,4.0,fantasy_points,,239.9,Made
Davante Adams,,GB,2020,3.0,fantasy_points,,236.4,Made
Stefon Diggs,,BUF,2020,3.0,fantasy_points,,197.6,Made
Cooper Kupp,,LA,2021,5.0,fantasy_points,,282.5,Made
Deebo Samuel,,SF,2021,3.0,fantasy_points,,253.16,Made
Justin Jefferson,,MIN,2021,0.0,fantasy_points,,217.4,Missed
Justin Jefferson,,MIN,2022,1.0,fantasy_points,,228.66,Made
Davante Adams,,LV,2022,0.0,fantasy_points,,223.5,Missed
Tyreek Hill,,MIA,2022,1.0,fantasy_points,,210.2,Made
CeeDee Lamb,,DAL,2023,1.0,fantasy_points,,262.2,Made
Tyreek Hill,,MIA,2023,1.0,fantasy_points,,246.4,Made
Amon-Ra St. Brown,,DET,2023,3.0,fantasy_points,,204.9,Made
Ja'Marr Chase,,CIN,2024,0.0,fantasy_points,,262.0,Missed
Amon-Ra St. Brown,,DET,2024,2.0,fantasy_points,,212.18,Made
Justin Jefferson,,MIN,2024,1.0,fantasy_points,,204.48,Made
